{
	"id": "545ecaf5-f8a3-41cb-94e3-953afea67d23",
	"name": "catURL-prod",
	"values": [
		{
			"key": "url",
			"value": "https://cat-kube-stateless-prod-2ea747e90b.kubesail.io",
			"description": "",
			"enabled": true
		},
		{
			"key": "originalUrl",
			"value": "",
			"enabled": true
		},
		{
			"key": "path",
			"value": "",
			"enabled": true
		}
	],
	"_postman_variable_scope": "environment",
	"_postman_exported_at": "2019-03-03T21:36:26.908Z",
	"_postman_exported_using": "Postman/7.0.3"
}